{
  "chk_transf_7fa82cbd87": {
    "item_id": "chk_transf_7fa82cbd87",
    "distribution": {
      "T0": 0.08145062201385025,
      "T1": 0.28454970410889774,
      "T2": 0.11212840681877305,
      "T3": 0.08217795450326949,
      "T4": 0.10604202072330464,
      "T5": 0.16652446962023948,
      "T6": 0.08849546736175212,
      "T7": 0.07863135456536335
    },
    "primary_theme": "T1",
    "secondary_theme": null,
    "entropy": 1.9636014529567625
  },
  "chk_transf_7f3055037e": {
    "item_id": "chk_transf_7f3055037e",
    "distribution": {
      "T0": 0.0722395874084105,
      "T1": 0.19573666290712094,
      "T2": 0.10305806959898677,
      "T3": 0.0752345184748376,
      "T4": 0.12578361320005016,
      "T5": 0.28372786360350394,
      "T6": 0.07075657647520675,
      "T7": 0.0734631080481554
    },
    "primary_theme": "T5",
    "secondary_theme": null,
    "entropy": 1.9353170788089844
  },
  "chk_transf_3c74ff6481": {
    "item_id": "chk_transf_3c74ff6481",
    "distribution": {
      "T0": 0.0703970508595177,
      "T1": 0.28068221269431815,
      "T2": 0.12847239018774992,
      "T3": 0.07759471602093697,
      "T4": 0.11927897402031756,
      "T5": 0.156090090566818,
      "T6": 0.07757248800999614,
      "T7": 0.08991207735966347
    },
    "primary_theme": "T1",
    "secondary_theme": null,
    "entropy": 1.9638441542728446
  },
  "chk_transf_2636d06670": {
    "item_id": "chk_transf_2636d06670",
    "distribution": {
      "T0": 0.09151778428926223,
      "T1": 0.2189474978402057,
      "T2": 0.13295065640533368,
      "T3": 0.10750042090396564,
      "T4": 0.13673944521565728,
      "T5": 0.12230173498003621,
      "T6": 0.07673388872613014,
      "T7": 0.11330857142046168
    },
    "primary_theme": "T1",
    "secondary_theme": null,
    "entropy": 2.0322310690614254
  },
  "chk_transf_6047459a80": {
    "item_id": "chk_transf_6047459a80",
    "distribution": {
      "T0": 0.06403574183967106,
      "T1": 0.1478446710446199,
      "T2": 0.08305809207204218,
      "T3": 0.08594929011731928,
      "T4": 0.12241015689207205,
      "T5": 0.3422883137406113,
      "T6": 0.06625134493484178,
      "T7": 0.08816238901653406
    },
    "primary_theme": "T5",
    "secondary_theme": null,
    "entropy": 1.8942054084788267
  },
  "chk_retrie_c02b1e647b": {
    "item_id": "chk_retrie_c02b1e647b",
    "distribution": {
      "T0": 0.09479917021054682,
      "T1": 0.10293714430161591,
      "T2": 0.12742684836269033,
      "T3": 0.11752226754516375,
      "T4": 0.27861079428042546,
      "T5": 0.09406466475541096,
      "T6": 0.07275105262217302,
      "T7": 0.11188805764336293
    },
    "primary_theme": "T4",
    "secondary_theme": null,
    "entropy": 1.985662890573807
  },
  "chk_retrie_7b9e3fbd88": {
    "item_id": "chk_retrie_7b9e3fbd88",
    "distribution": {
      "T0": 0.0915697090510879,
      "T1": 0.1492403273306879,
      "T2": 0.13841047352211083,
      "T3": 0.09798661576275766,
      "T4": 0.24367901275260284,
      "T5": 0.10565841459477358,
      "T6": 0.07178253250568191,
      "T7": 0.10167291423661831
    },
    "primary_theme": "T4",
    "secondary_theme": null,
    "entropy": 2.0071529336941922
  },
  "chk_retrie_185fec02e8": {
    "item_id": "chk_retrie_185fec02e8",
    "distribution": {
      "T0": 0.10108636150083605,
      "T1": 0.10472764398444966,
      "T2": 0.13420248938424487,
      "T3": 0.11117960579256035,
      "T4": 0.2683427211770926,
      "T5": 0.09706577599532329,
      "T6": 0.07467424759993975,
      "T7": 0.10872115429721073
    },
    "primary_theme": "T4",
    "secondary_theme": null,
    "entropy": 1.9961207605530729
  },
  "chk_retrie_32493123a8": {
    "item_id": "chk_retrie_32493123a8",
    "distribution": {
      "T0": 0.09466720499168838,
      "T1": 0.13121493726017308,
      "T2": 0.10908750964835495,
      "T3": 0.08929177930210687,
      "T4": 0.25668046470843203,
      "T5": 0.1504433846939905,
      "T6": 0.07228625778475944,
      "T7": 0.09632846135381427
    },
    "primary_theme": "T4",
    "secondary_theme": null,
    "entropy": 1.996407531058872
  },
  "chk_topic__33e1969805": {
    "item_id": "chk_topic__33e1969805",
    "distribution": {
      "T0": 0.09639875091633371,
      "T1": 0.08216870002726968,
      "T2": 0.13268456196713257,
      "T3": 0.25333472034456184,
      "T4": 0.09238397316860648,
      "T5": 0.06539224786707508,
      "T6": 0.09486742451640102,
      "T7": 0.18276962093928487
    },
    "primary_theme": "T3",
    "secondary_theme": null,
    "entropy": 1.9791223441502839
  },
  "chk_topic__136f420004": {
    "item_id": "chk_topic__136f420004",
    "distribution": {
      "T0": 0.09210733963886121,
      "T1": 0.0858336500842698,
      "T2": 0.14638349957291144,
      "T3": 0.2425700228918357,
      "T4": 0.10909550192391573,
      "T5": 0.07657450380593567,
      "T6": 0.08693269815645639,
      "T7": 0.16050278368324417
    },
    "primary_theme": "T3",
    "secondary_theme": null,
    "entropy": 1.9997168418120397
  },
  "chk_topic__4c9091aa63": {
    "item_id": "chk_topic__4c9091aa63",
    "distribution": {
      "T0": 0.10218621615114028,
      "T1": 0.0791081073634506,
      "T2": 0.12574001567077964,
      "T3": 0.2385166485780022,
      "T4": 0.10316994571068565,
      "T5": 0.06337613816276651,
      "T6": 0.09667097845641995,
      "T7": 0.19123194966823862
    },
    "primary_theme": "T3",
    "secondary_theme": null,
    "entropy": 1.9877583001875978
  },
  "chk_topic__30b1bd8ba2": {
    "item_id": "chk_topic__30b1bd8ba2",
    "distribution": {
      "T0": 0.11425505648073073,
      "T1": 0.08522986102222031,
      "T2": 0.13404910679183082,
      "T3": 0.2291503843971377,
      "T4": 0.09024412957353432,
      "T5": 0.07623637638284553,
      "T6": 0.10579387138682901,
      "T7": 0.16504121373572112
    },
    "primary_theme": "T3",
    "secondary_theme": null,
    "entropy": 2.0129864674029587
  },
  "chk_cohere_e9aa2d7385": {
    "item_id": "chk_cohere_e9aa2d7385",
    "distribution": {
      "T0": 0.12744319946676103,
      "T1": 0.07926013106704902,
      "T2": 0.17381954401074504,
      "T3": 0.21456767158533963,
      "T4": 0.08572211366030555,
      "T5": 0.06120778773953699,
      "T6": 0.13128274971321047,
      "T7": 0.12669680254248467
    },
    "primary_theme": "T3",
    "secondary_theme": null,
    "entropy": 2.0077345391062584
  },
  "chk_cohere_e52abba42f": {
    "item_id": "chk_cohere_e52abba42f",
    "distribution": {
      "T0": 0.09768104703821719,
      "T1": 0.13116712146702456,
      "T2": 0.20752727483107983,
      "T3": 0.13857762746607472,
      "T4": 0.11542284431216886,
      "T5": 0.09146001371834112,
      "T6": 0.10077242791592737,
      "T7": 0.11739164304363907
    },
    "primary_theme": "T2",
    "secondary_theme": null,
    "entropy": 2.0445750123233526
  },
  "chk_cohere_dd16384c54": {
    "item_id": "chk_cohere_dd16384c54",
    "distribution": {
      "T0": 0.18532312256165645,
      "T1": 0.07945892137701978,
      "T2": 0.22282366975952644,
      "T3": 0.1292988119841154,
      "T4": 0.07221601826642474,
      "T5": 0.04739295586590737,
      "T6": 0.14712145131558302,
      "T7": 0.11636504864694311
    },
    "primary_theme": "T2",
    "secondary_theme": null,
    "entropy": 1.9792274600007354
  },
  "chk_cohere_8529d647aa": {
    "item_id": "chk_cohere_8529d647aa",
    "distribution": {
      "T0": 0.1436398984468303,
      "T1": 0.08393760067036855,
      "T2": 0.12787032825857664,
      "T3": 0.11046540630430661,
      "T4": 0.06609498395043405,
      "T5": 0.06764829995391665,
      "T6": 0.30320569694525434,
      "T7": 0.09713778516710715
    },
    "primary_theme": "T6",
    "secondary_theme": null,